{"4g==\n":0.004386708234635683,"7w==\n":1.970668569018725e-06,"Bw==\n":3.94133713803745e-06,"CA==\n":3.94133713803745e-06,"Cg==\n":0.027174475080575612,"IA==\n":0.4109800033006947,"IQ==\n":0.0013866046760251313,"Ig==\n":0.04996990494245597,"Jg==\n":0.00017514083712131612,"Jw==\n":0.013114706048810692,"KA==\n":0.01254962354811107,"KQ==\n":0.01254962354811107,"Kg==\n":0.0014865637792148988,"LA==\n":0.03587899481990451,"LQ==\n":0.0017948107425190597,"Lg==\n":0.0329963066613318,"Lw==\n":0.0004965608166052322,"MA==\n":0.003722584622858504,"MQ==\n":0.00456745644513735,"Mg==\n":0.001559229850747241,"Mw==\n":0.00016401515948376842,"NA==\n":0.0002335625604153132,"NQ==\n":0.0005280915137095318,"Ng==\n":0.0001889355171044472,"Nw==\n":0.00044080809565681835,"OA==\n":0.000504443490881307,"OQ==\n":0.000352252342811651,"Og==\n":0.004530138075086669,"Ow==\n":0.0005779322289508892,"PA==\n":0.0005523135375536458,"PQ==\n":0.012354776025299566,"Pg==\n":0.0009563772641756731,"Pw==\n":0.0017018349770949388,"Xw==\n":0.00549821501791578,"gA==\n":0.004386708234635683,"kw==\n":1.1824011414112352e-05,"lA==\n":0.0006759393191734228,"mA==\n":1.970668569018725e-06,"mQ==\n":3.350136567331833e-05,"nA==\n":0.001872135140567789,"nQ==\n":0.0017913377292380214,"oA==\n":1.970668569018725e-06,"pg==\n":1.970668569018725e-06,"qQ==\n":3.94133713803745e-06,"uw==\n":1.970668569018725e-06,"vw==\n":1.970668569018725e-06,"ww==\n":5.912005707056176e-06,"xQ==\n":1.970668569018725e-06}
